<?xml version="1.0" encoding="utf-8"?><feed xmlns="http://www.w3.org/2005/Atom" ><generator uri="https://jekyllrb.com/" version="3.6.2">Jekyll</generator><link href="/feed.xml" rel="self" type="application/atom+xml" /><link href="/" rel="alternate" type="text/html" /><updated>2018-07-03T12:08:11+02:00</updated><id>/</id><title type="html">iServ</title><subtitle>Un blog Tech pour parler des découvertes, expériences, humeurs du moment autour du web et des technologies qui caractérisent ce serveur.</subtitle><entry><title type="html">Chrono-post : du, pour gérer le space disk</title><link href="/chrono-post-du-gerer-space-disk" rel="alternate" type="text/html" title="Chrono-post &amp;#58; du, pour gérer le space disk" /><published>2018-05-19T18:49:59+02:00</published><updated>2018-05-19T18:49:59+02:00</updated><id>/chrono-post-du-gerer-space-disk</id><content type="html" xml:base="/chrono-post-du-gerer-space-disk">Bonjour à tous,

Tout d'abord, un mot pour vous expliquer le terme Chrono-post (non, il ne s'agit pas d'une reconversion d'iServ dans le transport de colis, même si ça pourrait être sympa, mais trop d'infrastructure à mettre en place, de choses à prévoir, mais je digresse). Le concept est simple, il s'agit de posts qui seront concis et qui ne traiteront que d'une seule thématique.

Aujourd'hui, nous allons étudier une commande unix qui sert à la gestion d'espace sur votre disque dur (que ce soit sur votre poste ou un serveur).

## La commande _du_

La commande **du** (disk usage) permet d’afficher la taille d’un répertoire et de tous les sous répertoires qu’il contient, et ce de manière récursive.
Pas besoin d'être sur une distribution Linux, voici un petit exemple sous Mac et cela fonctionne très bien ;)

Cette commande peut être très pratique pour la gestion de serveur et la recherche des fichiers et/ou répertoires qui occupent le plus de place, afin de libérer de l'espace disque (surtout quand vous remarquez qu'une de vos partitions sur le serveur est à 100%, non c'est pas du vécu :D ).

&lt;figure class=&quot;kg-image-card&quot; markdown=&quot;1&quot;&gt;![Sous mac aussi](/assets/images/2018/05/Capture-d-e-cran-2018-05-27-a--22.22.08.png)
&lt;/figure&gt;

Deux options dont je me sers souvent:

*   -h qui correspond à human readable
*   -s qui permet de ne voir que le total du dossier qui est en argument. A noter que par défaut, il s'agit du dossier courant (taper `du` revient au même que de taper `du .`)

Pour aller plus loin, je vous invite à étudier directement le [man de la commande _du_](http://www.linux-france.org/article/man-fr/man1/du-1.html) sur le net (attention au fond turquoise) ou tout simplement à taper `du` dans votre invite de commande.


Merci d'avoir suivi ce premier chrono-post et à très bientôt pour le prochain qui portera sur la commande **df** !



Image de couverture créditée à &lt;a href=&quot;https://en.wikipedia.org/wiki/User:Vidarlo&quot;&gt;Vidarlo&lt;/a&gt;, &lt;a title=&quot;Vidarlo at the English language Wikipedia [GFDL (http://www.gnu.org/copyleft/fdl.html) or CC-BY-SA-3.0 (http://creativecommons.org/licenses/by-sa/3.0/)], via Wikimedia Commons&quot; href=&quot;https://commons.wikimedia.org/wiki/File:Xterm.png&quot;&gt;via Wikimedia Commons&lt;/a&gt;</content><author><name>Sébastien Chaptal</name></author><category term="tuto" /><summary type="html">La commande du (disk usage) permet d’afficher la taille d’un répertoire et de tous les sous répertoires qu’il contient, et ce de manière récursive...</summary></entry><entry><title type="html">Installation de SolR 6 sous CentOS</title><link href="/installation-de-solr6-sous-linux" rel="alternate" type="text/html" title="Installation de SolR 6 sous CentOS" /><published>2018-05-19T18:49:59+02:00</published><updated>2018-05-19T18:49:59+02:00</updated><id>/installation-de-solr6-sous-linux</id><content type="html" xml:base="/installation-de-solr6-sous-linux">J'ai souvent utilisé le moteur d'indexation SolR (basé sur lucene) que ce soit pour mes développements ou en production. Nous allons installer la version 6 de SolR et en faire un service, pour que SolR soit plus facilement gérable en ligne de commande.

&gt; J'ai hésité à publier cet article, car SolR en est à sa version 7 mais j'ai constaté que la version 6 intéresse et est toujours utilisée dans beaucoup de projets.

# Installation
Tout d'abord, vérifier si vous avez la version 1.8 ou + du JRE (Java Runtime Environment), avec un petit `java -version` dans votre terminal.

![javaversion](/assets/images/2018/05/javaversion.png)


Ensuite, vous pouvez récupérer la version de solr 6 que vous souhaitez (en remplaçant les x et y par votre version): 

```shell
wget http://archive.apache.org/dist/lucene/solr/6.x.y/solr-6.x.y.tgz
```

Après avoir récupéré votre version de solr, lancez cette commande pour récupérer le script d'installation dans le dossier courant.

```shell
tar xzf solr-6.x.y.tgz solr-x.y.0/bin/install_solr_service.sh --strip-components=2
```

Et on lance le script d'installation:
```shell
sudo bash ./install_solr_service.sh solr-6.3.0.tgz
```

Votre instance de solr est maintenant disponible à l'adresse: http://nomdedomaine:8983/solr
 
A noter qu'il peut y avoir des problèmes au niveau du firewall

```shell
sudo firewall-cmd --zone=public --add-port=8983/tcp --permanent
sudo firewall-cmd --reload
```

# Création du service
Lors de l'installation, un service solr a été crée et son script de démarrage se trouve dans le dossier /etc/init.d .
S'il n'existe pas, il faut donc créer le fichier /etc/init.d/solr avec le contenu suivant:
```shell
SOLR_INSTALL_DIR=/opt/solr
SOLR_ENV=/etc/default/solr.in.sh
RUNAS=solr
```
* SOLR_INSTALL_DIR correspond au dossier d'installation de SolR
* SOLR_ENV correspond au fichier contenant les variables d'environnements
* RUNAS correspond au nom du service
Il vous faut l'adapter à vos besoins :)

Vous pouvez maintenant gérer SolR comme n'importe quel service, en ligne de commande:
`sudo service solr start`
`sudo service solr stop`
`sudo service solr restart`

# Sécurité
###### Via htacess
Pour sécuriser votre installation de SolR, vous pouvez mettre en place un htpasswd via apache en ajoutant les lignes suivantes dans votre vhost
```shell
AuthType Basic
AuthName &quot;Restricted Content&quot;
AuthUserFile /etc/httpd/.htpasswd
Require valid-user
```

###### Via iptables

L'autre solution est de passer par iptables
```shell
iptables -A INPUT -p tcp -s localhost --dport 8983 -j ACCEPT
iptables -A INPUT -p tcp -s votre.adresse.ip.ici --dport 8983 -j ACCEPT
iptables -A INPUT -p tcp --dport 8983 -j DROP
```
La première commande iptables accepte toutes les connexions de localhost sur le port 8983, la seconde accepte les connexions depuis votre ip, et la dernière dit à iptables d'abandonner tout le trafic au port 8983. 
Iptables obéit aux règles de haut en bas donc, les trafics depuis localhost et depuis votre ip, sont laissés passer, le reste est refusé.
Pour enregistrer ces règles de manière permanente (afin qu'elles persistent après un redémarrage), assurez-vous de sauvegarder la configuration du pare-feu avec `sudo service iptables save`.</content><author><name>Sébastien Chaptal</name></author><category term="tuto" /><summary type="html">J’ai souvent utilisé le moteur d’indexation SolR (basé sur lucene) que ce soit pour mes développements ou en production. Nous allons installer la version 6 de SolR et en faire un service, pour que SolR soit plus facilement gérable en ligne de commande.</summary></entry><entry><title type="html">Neutralité du net, les terminaux</title><link href="/neutralite-du-net-les-terminaux" rel="alternate" type="text/html" title="Neutralité du net, les terminaux" /><published>2018-05-02T17:30:00+02:00</published><updated>2018-05-02T17:30:00+02:00</updated><id>/neutralite-du-net-les-terminaux</id><content type="html" xml:base="/neutralite-du-net-les-terminaux">L’ARCEP met en garde contre l'accès limité à internet qu'offrent les smartphones, tablettes et assistants vocaux dans son rapport de février 2018. Pourquoi l’autorité des télécoms s’attaque aux terminaux ? Parce qu’elle est la garante de la neutralité du net et qu’elle considère les terminaux comme des opérateurs, les uns comme les autres conditionnant l’accès aux contenus et services.

Lors de la création de l'ARCEP, il y a 22 ans, c'était les états qui étaient les grands freins à la liberté du net. Maintenant, ce sont de grands groupes qui occupent ce rôle.
Le rapport publié se veut avant tout « un travail de constat », dixit Sébastien Soriano, président de l'ARCEP.

Les objectifs du chantier sont :

* d'évaluer l’influence des terminaux sur l’accès à internet et cartographier les limites à l’ouverture d’internet

* de proposer des mesures qui pourraient être mises en œuvre à l’échelle nationale ou européenne pour remédier aux éventuelles défaillances identifiées.

Vous pouvez retrouver un [résumé en bd](https://www.arcep.fr/uploads/tx_gspublication/bande-dessinee-terminaux-fev2018.pdf), le [rapport complet en pdf](https://www.arcep.fr/uploads/tx_gspublication/rapport-terminaux-fev2018.pdf), ainsi que [la conférence en VOD](https://video.arcep.fr/fr/afterwork-devices-2018).


On ne peut que vous conseillez d'aller y jeter un oeil pour vous faire votre propre opinion.


Vous povez également aller un faire un tour sur:
* next impact: https://www.nextinpact.com/news/106151-sur-terminaux-arcep-pousse-murs-sa-regulation.htm
* la tribune: https://www.latribune.fr/technos-medias/pour-l-arcep-les-smartphones-sont-le-maillon-faible-d-un-internet-ouvert-768687.html
* internet actu: http://internetactu.blog.lemonde.fr/2018/02/16/de-la-neutralite-du-net-a-celle-des-terminaux/
* les échos du net: https://www.echosdunet.net/breve/89955-larcep-veut-reguler-terminaux
* iGénération: https://www.igen.fr/telecoms/2018/02/arcep-les-terminaux-noffrent-lutilisateur-quun-acces-limite-internet-103017
* ZDNet: http://www.zdnet.fr/actualites/neutralite-des-terminaux-apres-les-tuyaux-l-arcep-veut-se-pencher-sur-les-robinets-39864330.htm</content><author><name>Sébastien Chaptal</name></author><category term="societe" /><summary type="html">L’ARCEP met en garde contre l’accès limité à internet qu’offrent les smartphones, tablettes et assistants vocaux dans son rapport de février 2018. Pourquoi l’autorité des télécoms s’attaque aux terminaux ? Parce qu’elle est la garante de la neutralité du net et qu’elle considère les terminaux comme des opérateurs, les uns comme les autres conditionnant l’accès aux contenus et services.</summary></entry><entry><title type="html">Signer ses commits avec GPG</title><link href="/signer-ses-commits-avec-gpg" rel="alternate" type="text/html" title="Signer ses commits avec GPG" /><published>2018-04-23T17:00:00+02:00</published><updated>2018-04-23T17:00:00+02:00</updated><id>/signer-ses-commits-avec-gpg</id><content type="html" xml:base="/signer-ses-commits-avec-gpg">Ajourd'hui, un article sur git et les commits (encore ?!).
Oui, encore. Mais là, c'est pour avoir une jolie, une jolie, ...
Mais une jolie signature voyons.

Imaginez (oui, je sais ce n'est pas facile, surtout si vous lisez cet article de bon matin), vous flanez sur github, vous tombez sur un projet qui vous interesse, vous regardez les commits et sur l'un d'entre eux, vous voyez ça:

![verifiedcommit](/assets/images/2018/04/verifiedcommit.png)

Alors là deux réactions possibles:

![meh](/assets/images/2018/04/meh.jpeg)

ou si vous êtes comme moi
![gloriousImg](/assets/images/2018/04/gloriousImg.jpeg)

Si vous êtes dans la première réaction et bien comment dire, hmm, je ne pense pas que le reste de l'article va vous intérresser (et surtout, vous n'avez pas vraiment lu le titre de l'article non ... allez je suis sympa, voila un lien vers [les joies du code](https://lesjoiesducode.fr), c'est cadeau et ça fait toujours plaisir).
Pour les autres, c'est parti ;)


### Installation de gpg

Tapez
```console
gpg --help
```

Si vous avez l'aide qui s'affiche, cela veut dire que vous avez gpg d'installer, vous pouvez sauter l'étape d'installation.


Sinon
###### Sous mac:
```console
brew install gpg
```

###### Sous fedora:
```console
dnf install gnupg2
```
Pour en savoir plus:
https://doc.fedora-fr.org/wiki/GnuPG_:_Signature_et_Chiffrement

###### Sous ubuntu/Debian:
```console
apt-get install gnupg2
```
Pour en savoir plus:
https://doc.ubuntu-fr.org/gnupg


### Création de la clé GPG

```console
gpg --gen-key
```

Rentrez un nom et une adresse mail
Vous allez devoir rentrer votre passphrase (faites en sorte qu'elle soit un minimum robuste quand même, c'est un peu votre rempart pour votre identité).

Il vous reste à ajouter dans la configuration de git votre clé et le fait que vous voulez pouvoir signer vos commits.

```console
git config --global user.signingKey &lt;COLLER_VOTRE_CLE_ICI&gt;
git config --global commit.gpgsign true
```

Dans la plupart des cas, il suffit de faire

```console
git commit -a -S -m 'commit signé'
```


et tada, ça marche et tout va bien.


### Les difficultés rencontrées

Tout d'abord, je tiens à préciser que je suis sous MacOS et que mes tests ont été effectués dans le but d'avoir un commit signé sur un projet github.

Bon, comment vous dire que ... non, ça ne suffit pas m ... morbleu, voila (oui, j'ose le dire).

Lors de mes premières tentatives, j'ai fait face à:

```console
error: gpg failed to sign the data 
fatal: failed to write commit object
```


La solution que j'ai pu trouver:

Une librairie à installer
```console
brew install pinentry-mac
```

truc un peu spécial, il faut au minimum de redémarrer la console pour que cela fonctionne (moi j'ai carrement redémarrer ma machine, au cas où).
Et cela fonctionne.

Si vous voulez travailler avec github, il ne faut pas oublier d'ajouter votre clé GPG dans la configuration de votre compte Github.
Un lien qui m'a vraiment aidé pour le faire.
https://help.github.com/articles/telling-git-about-your-gpg-key/

&gt; &lt;i class=&quot;em em-bulb&quot;&gt;&lt;/i&gt;Dernière remarque: ce qui est rare est d'autant plus précieux. N'allez pas signer tous vos commits à tort et à travers, cela rendrait votre signature moins pertinente &lt;i class=&quot;em em-smile&quot;&gt;&lt;/i&gt;
« *Signer chaque commit est totalement stupide. Cela veut juste dire que vous l'automatisez, la signature a donc bien moins de valeur* » dans [un message en 2009](http://git.661346.n2.nabble.com/GPG-signing-for-git-commit-td2582986.html#a2583316) de [Linus Torvalds](https://fr.wikipedia.org/wiki/Linus_Torvalds).


##### Bibliographie
Github: https://help.github.com/articles/generating-a-new-gpg-key/ , 
https://help.github.com/articles/signing-commits-with-gpg/
Stackoverflow: https://stackoverflow.com/questions/39494631/gpg-failed-to-sign-the-data-fatal-failed-to-write-commit-object-git-2-10-0
Git: https://git-scm.com/book/fr/v2/Utilitaires-Git-Signer-votre-travail
NextImpact: https://www.nextinpact.com/news/99365-github-affiche-maintenant-signature-gpg-commits-et-etiquettes.htm
Un lien vers le projet github crée pour cet article:
https://github.com/chapseb/postGPG
et pour voir le &quot;fameux&quot; commit signé c'est par [ici](https://github.com/chapseb/postGPG/commits/master).

Pour aller plus loin sur GPG: https://ungeek.fr/gpg-et-le-chiffrement-pour-tous/</content><author><name>Sébastien Chaptal</name></author><category term="tuto" /><category term="decouverte" /><category term="securite" /><summary type="html">Ajourd’hui, un article sur git et les commits (encore ?!). Oui, encore. Mais là, c’est pour avoir une jolie, une jolie, … Mais une jolie signature voyons.</summary></entry><entry><title type="html">Installer redis pour votre projet Symfony sur CentOS 7</title><link href="/installer-redis-pour-symfony-centos" rel="alternate" type="text/html" title="Installer redis pour votre projet Symfony sur CentOS 7" /><published>2018-04-13T17:00:00+02:00</published><updated>2018-04-13T17:00:00+02:00</updated><id>/installer-redis-pour-symfony-centos</id><content type="html" xml:base="/installer-redis-pour-symfony-centos">Comme beaucoup, vous avez du déjà voir passer le mot &quot;redis&quot;, au moins dans des articles ou dans des réunions avec des adminsys. Redis est un système de gestion de base de données clef-valeur scalable, très hautes performances, écrit en C ANSI et distribué sous licence BSD.

Sa vitesse et sa facilité d'utilisation en font l'une des solutions les plus populaires de système de cache pour toutes les applications qui nécessitent de bonnes performances et notamment les applications web qui ont besoin d'afficher des pages très rapidement.

En plus, si vous voulez l'intégrer à votre projet Symfony, ce n'est pas très compliqué :)

![allonsy](/assets/images/2018/04/allonsy.gif)

### Installation de redis sur le serveur CentOS 7


###### Ajoutez le repo EPEL et faites un yum update pour confirmer votre modification:

```console
sudo yum install epel-release
sudo yum update
```

###### Installez Redis:
```console
sudo yum install redis
```

###### Démarrer Redis
```console
sudo systemctl start redis
```

###### Facultatif : 
Pour démarrer automatiquement Redis au démarrage du serveur (ça peut éviter les mauvaises suprises lors de reboot)
```console
sudo systemctl enable redis
```

###### Vous pouvez faire un test via cette commande: 
```console
redis-cli ping
````

###### Si redis est en cours d'exécution, il vous répondra
```
PONG
```

Remarque: si vous souhaitez faire un cluster redis, je vous conseille le tuto de [data-essential](https://www.data-essential.com/setup-a-secured-redis-cluster-on-centos7/) ou de [digital ocean](https://www.digitalocean.com/community/tutorials/how-to-configure-a-redis-cluster-on-centos-7) qui sont très bien fait.

Maintenant que redis est installé sur le serveur, occupons nous du projet Symfony.

### Installation de SncRedisBundle

Il existe deux versions du bundle, l’une utilisant une extension PHP qu’il vous faudra installer sur votre système d’exploitation, l’autre qui utilise la librairie Phredis (et qui ne nécessite pas l’installation de l’extension).
C'est de la version Phredis dont il s'agit ici.

Allez dans le dossier de votre projet symfony avec ```cd```.
Une fois dans votre projet, vous pouvez installer le bundle avec Composer:
```console
composer require snc/redis-bundle predis/predis
````

Ensuite, modifiez le fichier app/AppKernel.php (avec votre éditeur de texte préféré) et ajoutez le nouveau bundle :)
```php
    $bundles = array(
        // ...
        new Snc\RedisBundle\SncRedisBundle(),
        // ...
    );
```
    
### Configuration de SncRedisBundle
Pour stocker vos sessions dans Redis, il vous suffit d’ajouter la configuration ci-dessous:

dans votre fichier config.yml: 
```yaml
snc_redis:
    clients:
        default:
            type: predis
            alias: default
            dsn: redis://localhost
    session:
        client: default
        prefix: session
```
Vous pouvez configurer beaucoup d'éléments et faire face à de nombreux cas d'utilisation. Pour cela, direction le [README](https://github.com/snc/SncRedisBundle/blob/master/Resources/doc/index.md).

Et voila, vous avez votre nouveau système de cache, et ça c'est beau.

![youareawesome](/assets/images/2018/04/youareawesome.jpg)</content><author><name>Sébastien Chaptal</name></author><category term="php" /><category term="tuto" /><summary type="html">Comme beaucoup, vous avez du déjà voir passer le mot “redis”, au moins dans des articles ou dans des réunions avec des adminsys. Redis est un système de gestion de base de données clef-valeur scalable, très hautes performances, écrit en C ANSI et distribué sous licence BSD.</summary></entry><entry><title type="html">Tig, ta nouvelle interface git en ligne de commande</title><link href="/tig-plus-que-git-log" rel="alternate" type="text/html" title="Tig, ta nouvelle interface git en ligne de commande" /><published>2018-04-05T20:02:00+02:00</published><updated>2018-04-05T20:02:00+02:00</updated><id>/tig-plus-que-git-log</id><content type="html" xml:base="/tig-plus-que-git-log">Vous avez votre projet sous git, vous avez peu à peu construit votre projet, au fur et à mesure des commits ou alors vous avez récupéré un projet git existant sur une plateforme, ouverte ou non, comme github, gitlab, bitbucket, etc.
Mais pour voir quoi et surtout comment développer, il faut étudier ce qui a été fait auparavant. Et pour cela, il faut se plonger dans ... l'historique.

Lors de mes premiers projets git, j'utilisais le fameux:

```console
git log
```

Avec comme résultat:
&lt;img src=&quot;/assets/images/2018/03/gitlog.jpg&quot; style=&quot;width:80%;&quot; /&gt;

C'est pas mal, c'est utile, mais bon ...
c'est moche et on n'a pas tant d'informations que ça et coté interaction ... meh.

Et là, on m'a fait découvrir [Tig](https://github.com/jonas/tig)

![happiness](/assets/images/2018/04/happiness.jpg)

Tig, c'est une interface en mode texte pour git basée sur ncurses (comme [Htop](https://iserv.fr/htop/)).
L'utilisation la plus simple est de simplement taper tig dans votre console, lorsque vous êtes dans un projet git.

![tigFirst](/assets/images/2018/03/tigFirst.jpg)

L'affichage par défaut lors du lancement de tig est l'affichage de l'historique. Il s'agit essentiellement d'un journal git, avec un peu d'ASCII-art pour représenter l'historique (vous pouvez masquer l'arborescence avec G). Sans aucun argument, il affiche la branche en cours.

En appuyant sur `Entrée` sur un commit, vous ouvrez ce commit dans une vue diff.

## Comment on l'installe ?

#### Pour Debian et Ubuntu:
```console
apt-get install tig
```

#### Pour CentOS et Fedora:

```console
yum install tig
dnf install tig [On Fedora 22+ releases]
```

#### Pour MacOS
```console
brew install tig
```

#### Pour Windows
Pour utiliser tig sur windows, vous aurez besoin de cygwin, ainsi que les packages nécessaires à la compilation de tig (git, gcc-core, make, libiconv-devel et libncurses-devel).

## Ses différentes vues

#### Tree
De la vue principale, vous pouvez aller dans la vue Tree afin de parcourir l’arborescence du projet en utilisant la touche `t`. De plus, si vous selectionnez un fichier, appuyez sur `entrée`, vous verrez sur la fenêtre de droite le contenu du fichier.

![tigtree](/assets/images/2018/03/tigtree.jpg)

#### Status
Cette vue permet de visualiser le statut des branches de développements. Pour l'exemple, j'ai modifié le fichier Changelog et créé le fichier `unfichiercree`.

&lt;img src=&quot;/assets/images/2018/03/tigstatus.jpg&quot; style=&quot;width:60%;&quot; /&gt;


#### Blame

Vous voulez savoir qui a foiré votre beau code ou a introduit ce vilain bug ?
Dès que vous êtes positionné sur un fichier, vous pouvez appuyer sur b et le git blame du fichier sélectionné apparaît. Vous pouvez faire aussi `tig blame monfichier` en ligne de commande pour accéder directement au blame du fichier.

![gitblame2](/assets/images/2018/03/gitblame2.jpg)

Il suffit ensuite de sélectionner une ligne et appuyez sur Entrée, et il vous montrera le dernier commit qui a touché cette ligne.

&lt;img src=&quot;/assets/images/2018/04/gitblame.jpg&quot;&gt;
&lt;em&gt;Quand je découvre que c'est moi qui ait introduit le bug &lt;i class=&quot;em em-smile&quot;&gt;&lt;/i&gt;&lt;/em&gt;


#### &lt;i class=&quot;em em-bulb&quot;&gt;&lt;/i&gt; Le saviez-vous ?
* Tig s’utilise un peu comme Vim, (oui, j'aime Vim).
Par exemple pour les recherches, il suffit de taper `/` et de taper son expression. Si plusieurs sont trouvés, il suffit de taper `n` pour aller à la prochaine occurence.
* En utilisant la commande `git log | tig` vous avez un affichage ressemblant furieusement au `git log` classique avec en plus une meilleur colorimétrie et un meilleur défilement avec un gros plus, le détail du commit ou votre est placé
* Vous pouvez exécuter tig des 2 façons suivantes depuis le répertoire d’un projet, soit en l’associant avec une commande Git (par exemple git log | tig ou git blame Changelog), soit directement(celle que l'on a vu dans la plupart de nos exemple).

## Raccourcis clavier:
&lt;br&gt;

###### Changement de vue

| Raccourci | Description                          |
| --------- |:-----------------------------------: |
|     m     | vue standard                         |
|     s     | vue statut comme le git status       |
|     t     | montre la vue arborescente du projet |
|     g     | chercher une expression (Grep)       |
|     l     | montre la vue log                    |
|     d     | montre le diff du commit             |
|     h     | affiche l'aide                       |

###### Fenêtre principale

| Raccourci | Description                          |
| --------- |:-----------------------------------: |
|     D     | Change l'affichage de la date        |
|     A     | Change l'affichage de l'auteur       |
|     X     | voir les identifiants des commits    |
|     C     | Cherry pick un commit                |
|     ,     | Va au commit parent                  |

###### Dans toutes les vues

| Raccourcis | Description                          |
| ---------- |:-----------------------------------: |
| k          | Monte d'une ligne                    |
| j          | Descendre d'une ligne                |
| K          | Commit suivant                       |
| J          | Commit précédent                     |
| q          | Quitte la vue actuelle               |


###### D'autres informations:
* Vous pouvez trouver d'autres raccourcis clavier sur : https://devhints.io/tig
* Où trouver le « man » de Tig ? https://jonas.github.io/tig/doc/tig.1.html
* Où trouver le manuel d’utilisation ? http://jonas.nitro.dk/tig/manual.html</content><author><name>Sébastien Chaptal</name></author><category term="decouverte" /><summary type="html">Vous avez votre projet sous git, vous avez peu à peu construit votre projet, au fur et à mesure des commits ou alors vous avez récupéré un projet git existant sur une plateforme, ouverte ou non, comme github, gitlab, bitbucket, etc. Mais pour voir quoi et surtout comment développer, il faut étudier ce qui a été fait auparavant. Et pour cela, il faut se plonger dans … l’historique.</summary></entry><entry><title type="html">Introduction à Docker: première approche</title><link href="/introduction-docker" rel="alternate" type="text/html" title="Introduction à Docker: première approche" /><published>2018-03-22T11:00:00+01:00</published><updated>2018-03-22T11:00:00+01:00</updated><id>/introduction-docker</id><content type="html" xml:base="/introduction-docker">Bonjour à tous, aujourd'hui nous parlons d'une technologie en vogue, Docker. Que vous soyez développeurs, administrateurs systèmes ou DSI, vous avez certainement entendu parler de Docker. C'est une technologie qui nous interesse et que nous allons étudier un plus intensemment ces prochaines semaines. C'est pour ça que nous en parlons aujourd'hui :)

Docker est une technologie de container qui s’appuie sur 2 grands principes :
* Une image correspond à un instantanée d’une machine (unix/linux) qui a été définie dans un fichier Dockerfile.
* Le container est une instance d’une image qui fait tourner un process de manière complètement isolée des autres au sein d’une machine (physique ou virtuelle) équipée du daemon docker.

Il s'agit de la solution de containerisation la plus utilisée au monde. La première version est sortie en mars 2013 et a rapidement suscité beaucoup d’intérêt. Avec de nombreuses contributions sur Github, la version 1.0 est sortie en 2014 et a provoqué quelques bouleversements. Même si on ne considère que seul 10% des entreprises utilisent Docker en production, 30% sont actuellement en test avec l’outil (chiffres qui ont du évoluer, ces derniers datant de mi-20017)

Les services Cloud comme AWS ou Azure acceptent de plus en plus les conteneurs Docker. Ainsi, plus besoin de lancer un nouveau service EC2 pour déployer votre application ce qui permet de gagner en ressources et en disponibilité.

#### DÉMARRER AVEC DOCKER
Si vous souhaitez vous aussi vous lancer sur Docker, rendez-vous sur le site officiel où un tutoriel vous expliquera les principes de l’outil et ses avantages : https://docs.docker.com/get-started/

Après, comme dis au début de cet article, nous n'avons pas encore une grosse expertise là dessus.
Nous écrirons surement un nouvel article dans quelques semaines oû nous résumerons les cas que nous avons pu rencontrer et les enseignements que nous avons pu en tirer. 
Donc pour résumer, même si Docker est la technologie en vogue et que tout le monde s'arrache, si on trouve que c'est nul, on ne se gènera pas pour le dire :)


Liens utiles:
https://www.journaldunet.com/solutions/cloud-computing/1146290-docker-la-technologie-qui-revolutionne-le-cloud/
https://pro-domo.ddns.net/blog/docker-youre-doing-it-wrong.html
https://code.tutsplus.com/fr/tutorials/docker-from-the-ground-up-understanding-images--cms-28165</content><author><name>Sébastien Chaptal</name></author><category term="sysadmin" /><category term="decouverte" /><summary type="html">Bonjour à tous, aujourd’hui nous parlons d’une technologie en vogue, Docker. Que vous soyez développeurs, administrateurs systèmes ou DSI, vous avez certainement entendu parler de Docker. C’est une technologie qui nous interesse et que nous allons étudier un plus intensemment ces prochaines semaines. C’est pour ça que nous en parlons aujourd’hui :)</summary></entry><entry><title type="html">Travailler en local avec Wordpress: Local by Flywheel</title><link href="/wordpress-local-byflywheel" rel="alternate" type="text/html" title="Travailler en local avec Wordpress:  Local by Flywheel" /><published>2018-03-18T21:33:36+01:00</published><updated>2018-03-18T21:33:36+01:00</updated><id>/wordpress-local-byflywheel</id><content type="html" xml:base="/wordpress-local-byflywheel">Pour ceux qui ont déjà eu à travailler en local avec wordpress, vous savez qu'il faut installer MAMP (ou WAMP, ou LAMP, suivant le système d'exploitation) et que ce n'est pas toujours facile. Aujourd'hui, je vais vous faire découvrir une alternative simple pour faire du wordpress en local. Je vais vous parler de Local by Flywheel. 

Local By Flywheel permet grâce à des machines virtuelles, de déployer de multiples instances de WordPress, avec si vous le désirez un certificat SSL et un accès SSH, le tout en quelques clics.

## Installation

Commençons par le téléchargement du logiciel dont vous aurez besoin; rendez-vous sur le site de [Flywheel](https://local.getflywheel.com) et lancez le téléchargement en cliquant sur le bouton Download.

Avant de pouvoir lancer le téléchargement vous allez avoir le choix entre la version d’installation, Mac ou Windows.

Ensuite, il vous faudra renseigner un formulaire avec plein d'informations. Cependant, une adresse mail suffit pour le valider :) 

Le logiciel est gratuit et le fichier d’installation pèse 475 Mo.


Ensuite, lancer l’installeur et suivez la procédure d’installation.

&lt;img src=&quot;/assets/images/2018/03/install_localbyflywheel.png&quot; style=&quot;width:50%;&quot;/&gt;

Ici Flywheel va installer tous les éléments techniques et fichiers nécessaire au bon fonctionnement de votre site (serveur local, fichier wordpress, base de données…) 


## Créer son site

Sur l’écran d’accueil, ajoutez un site.

1. Le nom de votre site internet: Choisissez ce que vous voulez 😉(j'ai mis iserv, mais sachez que celui-ci ne tourne pas sous wordpress 😊)
2. Local site/path : l’endroit/dossier où sera stocké votre site sur votre disque dur

&lt;img src=&quot;/assets/images/2018/03/Capture-d-e-cran-2018-03-18-a--13.50.00.png&quot; style=&quot;width:90%;&quot;/&gt;

Lors de la mise en place d’une instance, vous pouvez avoir  un environnement de base ou vous pouvez choisir votre version de PHP, de MySQL et le serveur qui le fera tourner (Nginx ou Apache).

&lt;img src=&quot;/assets/images/2018/03/Capture-d-e-cran-2018-03-18-a--10.38.42.png&quot; style=&quot;width:90%;&quot;/&gt;
&lt;i&gt;environnement de base&lt;/i&gt;

&lt;img src=&quot;/assets/images/2018/03/Capture-d-e-cran-2018-03-18-a--10.38.49.png&quot; style=&quot;width:90%;&quot;/&gt;
&lt;i&gt;environnement custom&lt;/i&gt;
&lt;br&gt;

Pour terminer votre installation, il ne vous reste plus que 3 champs à renseigner:

**WordPress Username** : Identifiant de connexion à votre administration
**WordPress Password** : Mot de Passe pour accéder à votre administration
**WordPress Email** : Votre adresse email

&lt;img src=&quot;/assets/images/2018/03/Capture-d-e-cran-2018-03-18-a--10.39.23.png&quot; style=&quot;width:90%;&quot;/&gt;

En Option : S’agit-il d’un multisite ? Non par défaut, interessant si vous voulez créer un réseau de sites wordpress

C’est bon, le nouveau site est créé !


#### Recréer votre site

Si vous avez déjà une instance de wordpress, pour la recréer, il vous suffira: 
* d'importer un backup de votre base de données (via l'onglet Database et le bouton Adminer)
* de copier votre thème et vos plugins dans le dossier de votre Wordpress, dans respectivement app/public/wp-content/themes et app/public/wp-content/plugins</content><author><name>Sébastien Chaptal</name></author><category term="decouverte" /><category term="cms" /><summary type="html">Pour ceux qui ont déjà eu à travailler en local avec wordpress, vous savez qu’il faut installer MAMP (ou WAMP, ou LAMP, suivant le système d’exploitation) et que ce n’est pas toujours facile. Aujourd’hui, je vais vous faire découvrir une alternative simple pour faire du wordpress en local. Je vais vous parler de Local by Flywheel.</summary></entry><entry><title type="html">Ghostery, l’extension anti-tracking passe à l’open source</title><link href="/ghostery-extension-open-source" rel="alternate" type="text/html" title="Ghostery, l'extension anti-tracking passe à l'open source" /><published>2018-03-15T19:45:10+01:00</published><updated>2018-03-15T19:45:10+01:00</updated><id>/ghostery-extension-open-source</id><content type="html" xml:base="/ghostery-extension-open-source">Ghostery, une extension pour navigateur web qui empêche le tracking de votre navigation sur le web, a ouvert son code source.

De nombreuses pages web font appel à de nombreux éléments externes. La plupart du temps, ils servent à suivre l’utilisateur, permettant de savoir au propriétaire du site d'où ils viennent et où vont les internautes transitant par ses pages.

Ce plugin est disponible pour Firefox, Edge, Chrome, Opera et [Cliqz](https://cliqz.com/fr/) (il s'agit de l'entreprise qui a racheté le plugin il y a un peu plus d'un an, ça serait dommage de ne pas mettre l'extension à l'interieur, pour en savoir plus, c'est par [ici](https://www.lemondeinformatique.fr/actualites/lire-cliqz-rachete-l-extension-anti-tracking-ghostery-67381.html)).


### L'historique

Avant le rachat par Cliqz, Ghostery avait en effet un modèle économique particulier: l’extension collectait des données de navigation, plus particulièrement les données relatives aux outils de tracking rencontrés par l’utilisateur, afin de les vendre par la suite aux éditeurs de site web.

En clair, le but était de recueillir les données des utilisateurs, les anonymiser et les mettre en vente. Couplé à une extension propriétaire, ce modèle économique n’était pas vraiment de nature à inspirer confiance aux utilisateurs.

Un manque de transparence donnait l'impression que Ghostery jouait un double rôle en promettant la confidentialité des utilisateurs tout en vendant des données à des sociétés de publicité en même temps.


### Du passé faisons table en marbre (Karadoc de Vannes)

&lt;blockquote class=&quot;twitter-tweet&quot; data-lang=&quot;fr&quot;&gt;&lt;p lang=&quot;en&quot; dir=&quot;ltr&quot;&gt;We’re excited to announce that we’re now officially &lt;a href=&quot;https://twitter.com/hashtag/OpenSource?src=hash&amp;amp;ref_src=twsrc%5Etfw&quot;&gt;#OpenSource&lt;/a&gt;. This change demonstrates Ghostery’s commitment to transparency and creating the best tools for our users. &lt;a href=&quot;https://t.co/g3zDhfcP0Q&quot;&gt;https://t.co/g3zDhfcP0Q&lt;/a&gt; &lt;a href=&quot;https://twitter.com/hashtag/GhostyGoesOpen?src=hash&amp;amp;ref_src=twsrc%5Etfw&quot;&gt;#GhostyGoesOpen&lt;/a&gt; &lt;a href=&quot;https://twitter.com/hashtag/ghostery?src=hash&amp;amp;ref_src=twsrc%5Etfw&quot;&gt;#ghostery&lt;/a&gt; &lt;a href=&quot;https://twitter.com/hashtag/security?src=hash&amp;amp;ref_src=twsrc%5Etfw&quot;&gt;#security&lt;/a&gt; &lt;a href=&quot;https://twitter.com/hashtag/privacy?src=hash&amp;amp;ref_src=twsrc%5Etfw&quot;&gt;#privacy&lt;/a&gt; &lt;a href=&quot;https://twitter.com/hashtag/adblocker?src=hash&amp;amp;ref_src=twsrc%5Etfw&quot;&gt;#adblocker&lt;/a&gt; &lt;a href=&quot;https://twitter.com/hashtag/antitracking?src=hash&amp;amp;ref_src=twsrc%5Etfw&quot;&gt;#antitracking&lt;/a&gt; &lt;a href=&quot;https://twitter.com/hashtag/ai?src=hash&amp;amp;ref_src=twsrc%5Etfw&quot;&gt;#ai&lt;/a&gt; &lt;a href=&quot;https://t.co/G4IvLbgh2E&quot;&gt;pic.twitter.com/G4IvLbgh2E&lt;/a&gt;&lt;/p&gt;&amp;mdash; Ghostery (@Ghostery) &lt;a href=&quot;https://twitter.com/Ghostery/status/971776824228433921?ref_src=twsrc%5Etfw&quot;&gt;8 mars 2018&lt;/a&gt;&lt;/blockquote&gt;
&lt;script async src=&quot;https://platform.twitter.com/widgets.js&quot; charset=&quot;utf-8&quot;&gt;&lt;/script&gt;

&lt;br&gt;

&gt; Notre objectif est la transparence. Un code source ouvert permet au public de voir comment fonctionne Ghostery et quels types de données sont transmis, une fonctionnalité alignée sur les valeurs incarnées par nos produits eux-mêmes - transparence, perspicacité et contrôle. Au-delà, ce projet apporte une opportunité inestimable à nous et à nos utilisateurs en invitant la communauté numérique à contribuer à notre code, à nous aider à nous améliorer et à nous rejoindre dans nos efforts pour rendre Internet plus propre, plus rapide et plus sûr (extrait du communiqué de Ghostery disponible [ici](https://www.ghostery.com/fr/blog/product-releases/ghostery-goes-open-source/))

Le but de cette ouverture est donc double:
* D'une part, l'objectif est de permettre aux utilisateurs de voir comment fonctionne Ghostery et quels types de données il recueille. Cette transparence est essentielle pour effacer les anciennes controverses qui ont pu exister avec l'ancien propriétaire de Ghostery.
* D'autre part, l'objectif est de donner la possibilité aux utilisateurs/developpeurs de faire des contributions à son code source. Cela permet de renforcer la communauté autour de son produit.

Vous pouvez faire un tour sur le [github de Ghostery](https://github.com/ghostery/ghostery-extension). Il convient de noter que Ghostery a publié le code pour ses extensions de navigateur uniquement et non pour les applications mobiles.


En tous cas, il s'agit là d'un beau projet qui nous permettra d'avoir accès aux sites web plus rapidement et de préserver, en plus de nos données personnelles, nos batteries. 
En effet, moins de trackers, moins de données à charger, moins de conso :)


Et en prime, un exemple d'utilisation de ghostery sur iserv


![ghosterySansRessourcesExterne](/assets/images/2018/03/ghosterySansRessourcesExterne.png)

*Sans contenu externe*


![ghosteryAvecRessourcesExterne](/assets/images/2018/03/ghosteryAvecRessourcesExterne.jpg)

*Avec du contenu externe* :)</content><author><name>Sébastien Chaptal</name></author><category term="decouverte" /><category term="opensource" /><summary type="html">Ghostery, une extension pour navigateur web qui empêche le tracking de votre navigation sur le web, a ouvert son code source.</summary></entry><entry><title type="html">History’s Creed: histoire et jeux vidéo, pour le meilleur ou pour le pire ?</title><link href="/historys-creed-histoire-et-jeux-videos" rel="alternate" type="text/html" title="History’s Creed: histoire et jeux vidéo, pour le meilleur ou pour le pire ?" /><published>2018-03-11T20:00:00+01:00</published><updated>2018-03-11T20:00:00+01:00</updated><id>/historys-creed-histoire-et-jeux-videos</id><content type="html" xml:base="/historys-creed-histoire-et-jeux-videos">Aujourd'hui, un article un peu différent. En effet, il s'agit d'un partenariat entre Arte Creative et le vulgarisateur/youtubeur en Histoire, [Nota Bene](https://www.youtube.com/user/notabenemovies).

C'est un Nota Bene pixélisé qui vous emmenera tout au long de la dizaine d'épisodes de History's creed (avec une thématique par épisode).
La reconstitution historique fidèle dans les jeux vidéo, les clichés que l'on peut rencontrer, ou même si l'on peut inscrire les jeux vidéo dans des projets pédagogiques, sont des sujets que vous rencontrerez tout au long de la série history's creed, avec les différents acteurs du jeu vidéo.

&gt; “Nota Bene” est une des chaînes historiques francophones de YouTube parmi les plus suivies de la plateforme avec ses 622.000 abonnées. Benjamin Brillaud a lancé sa chaîne en 2014 dans une optique de vulgarisation de sa passion, l'Histoire.


&lt;iframe allowfullscreen=&quot;true&quot; style=&quot;transition-duration:0;transition-property:no;margin:0 auto;position:relative;display:block;background-color:#000000;&quot; frameborder=&quot;0&quot; scrolling=&quot;no&quot; width=&quot;720&quot; height=&quot;406&quot; src=&quot;https://www.arte.tv/player/v3/index.php?json_url=https%3A%2F%2Fapi.arte.tv%2Fapi%2Fplayer%2Fv1%2Fconfig%2Ffr%2F074699-001-A%3Fautostart%3D0%26lifeCycle%3D1&amp;amp;lang=fr_FR&amp;amp;embed=1&amp;amp;mute=0&quot;&gt;&lt;/iframe&gt;

&lt;br&gt;


“History’s Creed’, la mini-série en 10 épisodes à regarder sur [Arte](https://www.arte.tv/fr/videos/RC-014308/history-s-creed/).
Elle est également disponible sur [la chaine Youtube de Nota Bene](https://www.youtube.com/watch?v=e5vG-7lzHWU&amp;list=PLgLm3t2YjNL2LvpXMliEdJy60hkC2c-4u).</content><author><name>Sébastien Chaptal</name></author><category term="societe" /><summary type="html">Aujourd’hui, un article un peu différent. En effet, il s’agit d’un partenariat entre Arte Creative et le vulgarisateur/youtubeur en Histoire, Nota Bene.</summary></entry></feed>